{"cameraMode":{"drawMode":0,"name":"Shaded","section":"Shading Mode"},"sceneLighting":true,"audioPlay":false,"sceneViewState":{"m_AlwaysRefresh":false,"showFog":true,"showSkybox":true,"showFlares":true,"showImageEffects":true,"showParticleSystems":true,"showVisualEffectGraphs":true,"m_FxEnabled":true},"in2DMode":false,"pivot":{"x":1.0174599885940552,"y":2.610136032104492,"z":0.21035628020763398},"rotation":{"x":0.09434553980827332,"y":-0.04867032170295715,"z":0.004626329522579908,"w":0.9943594932556152},"size":3.103926658630371,"orthographic":false}