{"cameraMode":{"drawMode":0,"name":"Shaded","section":"Shading Mode"},"sceneLighting":true,"audioPlay":false,"sceneViewState":{"m_AlwaysRefresh":false,"showFog":true,"showSkybox":true,"showFlares":true,"showImageEffects":true,"showParticleSystems":true,"showVisualEffectGraphs":true,"m_FxEnabled":true},"in2DMode":false,"pivot":{"x":0.8913536071777344,"y":1.3848881721496583,"z":1.002363681793213},"rotation":{"x":-0.10579953342676163,"y":0.4212312698364258,"z":-0.049561675637960437,"w":-0.8994168639183044},"size":2.5959291458129885,"orthographic":false}