{"cameraMode":{"drawMode":0,"name":"Shaded","section":"Shading Mode"},"sceneLighting":false,"audioPlay":false,"sceneViewState":{"m_AlwaysRefresh":false,"showFog":true,"showSkybox":false,"showFlares":true,"showImageEffects":true,"showParticleSystems":true,"showVisualEffectGraphs":true,"m_FxEnabled":true},"in2DMode":false,"pivot":{"x":-0.03644028306007385,"y":-0.020393550395965577,"z":0.012862082570791245},"rotation":{"x":-0.22628797590732575,"y":-0.6367051601409912,"z":0.2033136934041977,"w":-0.7086067795753479},"size":0.13654835522174836,"orthographic":false}